scenario_id,method,seeds,success,collision,clearance,path_length,completion_time,solve_time
aggressive_crossing_v1,Fixed CBF gamma=0.15,50,1.0,0.0,0.30866202688421457,5.466961848798771,4.368,1.3190989762129646
aggressive_crossing_v1,Fixed CBF gamma=0.08,50,1.0,0.0,0.41645124937155303,5.7465241610238635,4.556,1.318807848828345
aggressive_crossing_v1,Fixed CBF gamma=0.04,50,1.0,0.0,0.4826045336578682,5.803080876896661,4.6080000000000005,1.3178308044924578
aggressive_crossing_v1,Rule adaptive CBF,50,1.0,0.0,0.4752197262365883,5.815375799518966,4.606000000000001,1.3218185555049038
point_mass_2d_dynamic_obstacle_v1,Fixed CBF gamma=0.15,50,0.88,0.0,0.4906188784396639,5.599843612550642,5.722,1.80585417164608
point_mass_2d_dynamic_obstacle_v1,Fixed CBF gamma=0.08,50,0.86,0.0,0.8225212080477451,5.970243826709114,6.054000000000001,1.8200834060346152
point_mass_2d_dynamic_obstacle_v1,Fixed CBF gamma=0.04,50,0.86,0.0,1.0330461494603318,6.393556220636756,6.6560000000000015,1.8295957219050925
point_mass_2d_dynamic_obstacle_v1,Rule adaptive CBF,50,0.8,0.0,0.8525451039162492,6.140242274372777,6.661999999999999,1.8257223009478971
